msa_code,min_long,min_lat,max_long,max_lat
C3386,-86.921237,31.961601,-85.852625,32.769225
C1930,-88.037309,30.146561,-87.366591,31.319017
C1382,-87.636119,32.660117,-86.043865,34.260483
C1150,-86.146225,33.55593,-85.529432,33.96846
C4674,-85.593653,32.72853,-85.122189,33.109038
C2146,-86.196365,31.182023,-85.789139,31.619311
C2252,-88.202959,34.56623,-87.210759,35.008028
C4518,-86.522283,32.753434,-85.794559,33.699495
C1898,-87.151036,33.857954,-86.451111,34.313799
C3712,-85.791581,31.195173,-85.415334,31.620566
C4282,-87.47308,32.047202,-86.806867,32.729532
C2346,-86.370152,33.841598,-85.737137,34.200756
C2002,-86.193476,30.992859,-84.999428,31.774364
C4622,-88.340432,32.48068,-87.065738,33.609833
C4246,-86.359034,34.464473,-85.583145,34.991098
C1946,-87.531024,34.299096,-86.54975,34.804992
C1222,-85.696955,32.40984,-85.00102,32.74653
C2662,-87.278636,34.475633,-86.255771,34.999024
C1070,-86.581936,34.099073,-86.057712,34.600143
C3366,-88.432007,30.144425,-87.923944,31.173306
C4598,-86.199408,31.616414,-85.657668,32.06189
C1798,-85.434747,32.061708,-84.389927,32.872496
C1126,-153.001881,60.732977,-146.423984,63.477653
C2182,-148.663265,64.257176,-143.88408,65.453523
C2794,-135.219128,57.791671,-133.172311,58.974972
C2854,-132.275698,54.648906,-129.974167,56.406005
C4342,-110.460916,31.332348,-109.047918,32.42765
C2238,-113.354176,34.258411,-110.750671,37.003102
C3774,-111.720728,32.983673,-110.00058,34.499312
C4094,-110.458136,32.424755,-109.11418,33.652751
C3806,-113.335075,32.501332,-110.448461,34.04817
C2942,-114.754681,34.209626,-112.529225,37.000821
C4332,-110.75071,33.567175,-109.826711,37.003725
C4606,-113.334105,31.426061,-110.447644,32.514188
C3570,-111.366922,31.332341,-110.452224,31.731702
C3914,-113.334359,33.882469,-111.46054,35.531194
C4974,-114.8163,32.038927,-113.333212,33.464507
C3426,-92.59522,35.974007,-92.150285,36.498762
C2222,-94.618465,35.750327,-93.44574,36.76656
C2546,-93.526056,35.724635,-92.854008,36.498434
C1578,-93.118951,33.269468,-92.311048,33.822544
C1166,-93.502208,33.769789,-92.87632,34.340839
C3822,-92.475646,33.704194,-91.421985,34.492869
C3162,-93.490558,33.017316,-92.978483,33.455081
C2786,-91.039251,35.438439,-90.286271,35.996411
C2290,-95.132314,34.507218,-93.892252,35.764757
C3282,-90.591784,34.423807,-89.016586,35.652346
C3078,-93.305885,34.059477,-91.632845,35.368422
C2630,-93.407203,34.389172,-92.791498,34.773402
C3750,-90.860168,35.964691,-90.190186,36.26805
C3168,-93.40818,34.149645,-92.668654,34.506132
C1290,-91.871023,35.526333,-91.19765,35.942849
C4550,-94.747063,33.019245,-93.664906,33.94529
C1418,-90.289076,35.389277,-89.640997,36.00086
C2576,-91.117918,34.118515,-90.539623,34.64572
C4078,-93.709992,34.743318,-92.809745,35.728873
C2262,-91.152498,34.867101,-90.400438,35.149117
C2098,-92.988775,33.00799,-92.06893,33.387893
C4262,-92.119748,35.020638,-91.345325,35.534311
C4186,-123.173825,37.053858,-121.469214,38.321227
C1702,-122.069431,39.295621,-121.076695,40.152024
C1886,-124.440707,41.380776,-123.517911,42.000787
C4090,-122.422048,38.018421,-119.877248,39.316496
C2342,-120.918731,35.906914,-118.360586,37.585837
C2170,-124.482003,40.001248,-123.40604,41.465846
C2094,-116.106272,32.61848,-114.46289,33.433814
C1254,-120.194369,34.788655,-117.616517,35.798392
C2526,-120.315068,35.78858,-119.474354,36.488962
C1734,-123.094216,38.667506,-122.340172,39.5814
C4500,-121.332338,39.707658,-119.995598,41.184514
C3108,-118.951721,32.75004,-117.412987,34.823302
C3146,-120.545536,36.763047,-119.022363,37.777986
C4638,-124.134889,38.758119,-122.821355,40.00247
C3290,-121.248647,36.740381,-120.052055,37.633364
C4150,-122.051878,35.788977,-120.213979,36.919683
C3490,-122.646421,38.154933,-122.061379,38.864245
C4602,-121.279784,39.00516,-120.003773,39.52692
C4014,-117.802539,33.425888,-114.131211,35.809236
C4194,-122.202653,36.196848,-120.596562,37.484637
C4174,-117.611081,32.528832,-116.08094,33.505025
C4470,-121.585078,37.481783,-120.917007,38.300252
C4202,-121.438176,34.897475,-119.472489,35.796655
C4220,-120.734382,33.411024,-118.962728,35.114678
C4210,-122.317682,36.8196,-121.581154,37.286055
C3982,-123.068838,40.285375,-121.319976,41.184978
C4670,-122.40697,38.031721,-121.593273,38.53905
C4222,-123.632497,38.07326,-122.347454,38.852916
C3370,-121.486775,37.134774,-120.387329,38.077421
C4970,-121.948294,38.734598,-121.009477,39.639459
C3978,-123.066009,39.797385,-121.342264,40.453133
C4730,-119.573194,35.788935,-117.980761,36.744816
C4376,-120.653274,37.633704,-119.196182,38.433521
C3710,-119.636302,33.163493,-118.632494,34.901171
C1974,-106.210173,38.693089,-103.705695,40.044144
C1450,-105.694362,39.912886,-105.052774,40.262785
C2078,-107.113947,39.349469,-106.17592,39.925292
C1782,-105.330382,38.51944,-104.051568,39.13004
C1586,-106.012789,38.257548,-104.940366,38.697581
C2406,-109.051459,38.97772,-106.426487,40.091538
C2042,-108.381069,36.999606,-107.481424,37.64033
C2266,-106.195438,40.257784,-104.943052,40.99844
C4454,-103.581848,40.435294,-102.65088,41.002558
C2430,-109.060152,38.499983,-107.377479,39.366711
C1878,-109.051245,40.219991,-107.313365,41.003073
C3394,-109.060204,38.152228,-107.50002,38.668568
C2282,-104.150538,40.000836,-103.464455,40.524419
C3938,-105.050678,37.734704,-104.053921,38.522435
C4446,-107.442594,39.918671,-106.626112,41.003444
C1472,-106.440301,39.357378,-105.775702,39.924914
C2454,-105.05672,40.000251,-103.573216,41.001905
C1486,-73.727775,40.950943,-72.999547,41.666723
C2554,-73.029537,41.177774,-72.099229,42.038785
C4586,-73.51808,41.467415,-72.88706,42.050511
C3530,-73.327114,41.087108,-72.527901,41.644311
C3598,-72.46673,41.215004,-71.787658,41.714414
C4934,-72.315879,41.634328,-71.478027,42.721615
C2010,-75.760074,38.829851,-75.138461,39.387555
C3798,-76.233279,39.290281,-74.389708,40.60858
C4154,-76.236458,37.886605,-74.984165,39.002697
C4790,-78.394704,37.990688,-76.321908,39.720045
C2354,-82.973054,29.417057,-82.049052,29.945254
C2726,-82.459793,29.622432,-81.150817,30.829924
C3746,-86.00077,29.497065,-85.017939,30.567682
C3734,-80.98725,27.822058,-80.385069,28.791396
C3310,-80.886053,25.13742,-79.974306,26.970943
C3946,-82.565858,26.769564,-81.562531,27.03525
C2614,-83.187906,28.665671,-82.169141,29.052565
C3494,-82.244953,25.800785,-80.872554,26.517069
C2938,-82.800477,29.825587,-82.452518,30.597734
C1158,-82.057631,27.0317,-81.562306,27.340702
C3786,-87.634896,30.12553,-86.785692,30.999547
C1966,-81.680903,28.612662,-80.663461,29.671087
C4522,-84.932519,29.74293,-83.604121,30.711542
C4810,-82.055753,27.336709,-81.56346,27.646645
C1750,-81.56657,26.253069,-80.87971,26.958919
C4530,-83.02236,27.53075,-82.054012,28.694908
C4270,-81.564162,27.032319,-80.940676,27.646691
C4268,-80.881566,27.556737,-80.263543,27.861362
C3674,-81.957641,27.64199,-80.861395,29.276766
C1598,-82.462012,26.316242,-81.56218,26.789551
C3584,-82.92417,26.945255,-82.054349,27.64668
C3610,-82.535916,28.959778,-81.638696,29.521678
C3894,-80.885639,26.956623,-80.022754,27.558714
C2858,-83.108914,24.396308,-80.183871,25.805377
C1888,-86.803374,30.1036,-85.844421,30.99698
C3638,-81.214284,26.958919,-80.677356,27.643238
C2946,-82.106236,27.643238,-81.131044,28.361868
C3726,-82.056151,29.32443,-81.433583,29.840176
C4554,-82.311697,28.305265,-81.953291,28.96053
C1050,-84.641953,31.078396,-83.649384,31.967456
C3330,-83.42909,32.926141,-82.746182,33.469178
C1206,-85.386581,32.84464,-83.269196,34.617924
C2234,-83.484529,31.651691,-82.995666,31.851987
C3142,-84.202628,32.452198,-83.226536,33.202634
C1526,-82.284561,30.990644,-81.095383,31.699575
C4666,-83.743729,30.591548,-82.578767,31.184208
C4234,-81.781712,31.705198,-80.78296,32.595416
C4434,-82.030233,32.15289,-81.433044,32.653433
C1226,-82.649705,32.803707,-81.187238,33.984195
C4122,-81.936988,30.708651,-81.304353,31.16965
C1686,-85.873032,34.581799,-84.94233,35.567422
C4490,-85.527261,34.286097,-85.107748,34.589584
C1202,-83.647031,33.689869,-82.779506,34.27353
C2006,-83.151141,31.363884,-82.596283,31.816199
C3422,-84.013858,31.025846,-83.505386,31.33498
C1838,-83.961278,31.803495,-83.609514,32.030597
C1246,-84.871322,30.689991,-84.375929,31.079544
C4066,-85.462207,34.079133,-85.005235,34.587483
C1566,-85.112327,34.384192,-84.644432,34.634128
C1846,-83.681696,34.431712,-83.338173,34.827736
C2358,-84.062841,34.098281,-83.615218,34.514096
C4758,-84.018168,32.102843,-83.291106,32.692815
C2760,-83.817682,33.965912,-83.357051,34.29538
C2014,-83.226536,32.147274,-82.434149,32.822356
C2598,-81.981621,31.520981,-81.049789,32.092551
C4708,-82.656244,31.911798,-82.181912,32.35383
C1914,-85.168851,34.583187,-84.582195,34.988329
C4818,-82.70105,30.568556,-81.992114,31.530699
C1634,-85.421852,33.899212,-84.922742,34.100668
C1114,-84.443807,31.872755,-83.919119,32.428095
C4574,-83.45843,34.460998,-83.103451,34.687187
C4562,-84.119245,30.658396,-83.736158,31.077971
C4570,-83.66667,31.326263,-83.338728,31.597921
C2930,-85.236518,32.866647,-84.86147,33.224693
C4558,-84.534397,32.690018,-84.122246,33.00415
C2770,-82.147948,31.327206,-81.61201,31.829308
C2590,-156.120001,18.86546,-154.755792,20.321453
C4652,-178.443593,21.199238,-157.597288,28.517269
C2818,-160.600875,21.600384,-159.241827,22.290473
C2798,-157.366549,20.45293,-155.926785,21.280347
C1426,-117.032578,41.996115,-114.967343,44.510813
C3854,-112.752341,42.256276,-111.875475,43.022589
C1394,-113.007788,42.862998,-111.588049,43.626627
C2520,-115.086653,42.615851,-113.007318,43.993002
C4176,-117.042137,47.890127,-116.048669,48.847448
C2682,-113.798441,43.019407,-111.043925,44.234152
C1542,-114.286654,41.988182,-112.999965,43.199859
C3430,-116.267904,42.767657,-114.971351,44.098766
C3086,-112.166108,41.368818,-111.401576,42.430635
C3994,-112.15637,43.621951,-111.047044,44.754954
C4630,-115.038174,41.994238,-113.931687,42.918428
C1766,-117.042309,47.366031,-116.329406,47.991511
C3414,-117.039981,46.541709,-116.329415,47.130829
C3030,-117.47999,45.855216,-116.360239,46.631245
C3662,-118.233908,41.997001,-116.452068,44.444661
C2722,-111.400954,43.23499,-110.051031,44.666805
C3950,-91.952726,39.756862,-90.911969,40.25721
C1602,-90.22323,36.970298,-89.132915,37.606461
C4118,-91.418637,38.003499,-89.138337,39.523316
C4042,-89.401423,42.150266,-88.705389,42.500563
C3686,-89.862351,40.925749,-88.58624,41.631389
C1658,-88.745967,39.79182,-87.92876,40.997777
C4538,-89.535076,39.345825,-89.023987,39.826085
C1666,-88.472073,39.171042,-87.960179,39.685973
C1698,-88.942146,40.73651,-86.929353,42.669906
C1401,-89.269397,40.048853,-88.459207,40.757608
C2082,-88.806795,38.910847,-88.360475,39.216263
C1590,-90.451916,40.183812,-89.872114,40.714868
C2280,-91.950812,40.193086,-90.904216,40.813907
C1546,-91.409453,40.634946,-90.785194,41.074173
C1934,-91.114186,41.063645,-89.856613,41.782964
C1606,-89.680868,37.561925,-88.706741,37.955343
C3450,-89.149841,38.124523,-88.698961,38.476969
C2810,-88.251501,40.99456,-87.526206,41.298052
C2366,-90.444339,40.712361,-89.984557,41.15211
C1994,-89.632379,41.584889,-88.938679,41.911716
C3870,-88.931476,40.61655,-88.23495,41.114218
C3066,-89.603598,39.91686,-89.143451,40.325344
C3138,-90.909756,40.276335,-90.445627,40.639201
C1950,-89.217874,39.652678,-88.745057,40.055344
C1646,-89.144388,38.473878,-88.695165,38.826299
C3790,-89.989018,40.319212,-88.929331,41.234479
C3714,-89.182467,36.915486,-88.187193,37.425315
C4410,-89.995113,39.522104,-89.217437,40.160726
C2730,-90.646112,39.519945,-89.923955,39.87675
C4030,-89.688486,41.885463,-88.938935,42.204241
C2330,-89.926509,42.196651,-89.396192,42.505818
C1918,-87.942103,39.868459,-87.526366,40.491237
C4458,-90.247917,41.583654,-89.628907,41.931298
C1954,-85.073861,40.56824,-84.802093,40.922568
C2306,-85.686574,40.566832,-84.802922,41.295373
C1802,-86.085601,39.035896,-85.684515,39.350258
C2920,-87.526589,40.214365,-86.373439,40.737589
C2690,-87.014727,39.048357,-85.575541,40.379799
C3090,-86.581739,40.561331,-86.165024,40.910925
C3114,-86.3296,37.805866,-84.866952,38.831812
C4546,-87.658745,38.901591,-86.939981,40.148422
C2314,-86.695804,40.176942,-86.242288,40.432156
C4778,-87.279415,38.49037,-86.904123,38.904204
C1714,-85.140312,38.473039,-83.673018,39.729263
C2470,-85.687296,39.130844,-85.296086,39.453378
C1214,-85.194084,41.264209,-84.803588,41.530252
C3462,-85.578919,40.076362,-85.214386,40.379524
C2754,-87.463008,38.202919,-86.678992,38.552238
C2114,-86.062575,41.434909,-85.653461,41.760513
C1822,-85.301584,39.525451,-85.034556,39.788587
C3198,-85.864813,40.378367,-85.44433,40.653667
C3522,-85.596945,39.786519,-85.20031,40.077143
C2902,-86.375762,40.373635,-85.862117,40.565525
C2654,-85.643841,40.653129,-85.334646,41.005251
C4298,-86.318133,38.725026,-85.795233,39.070888
C3150,-85.684078,38.586011,-85.20145,38.914004
C3586,-85.799834,38.806986,-85.439905,39.195617
C4718,-87.756825,38.414387,-87.090694,38.907874
C4770,-86.077551,41.041878,-85.651193,41.436856
C3314,-86.933368,41.236798,-86.486263,41.761035
C1326,-86.684058,38.686561,-86.275281,38.992404
C3850,-86.467108,41.171426,-86.054047,41.479385
C3794,-86.169144,40.562649,-85.863641,40.999195
C1402,-87.054921,38.990699,-86.31738,39.473345
C1882,-87.092563,39.864832,-86.695018,40.215048
C2834,-85.654747,41.26381,-85.192094,41.526623
C2178,-88.097892,37.638376,-87.017423,38.246123
C4378,-86.526682,41.432792,-85.760117,42.071484
C1142,-85.196774,41.526437,-84.804687,41.760171
C4734,-85.946436,40.650991,-85.638587,41.046716
C3998,-85.221136,39.714764,-84.810825,40.006357
C1630,-92.299329,41.859594,-90.898014,42.299063
C4794,-93.027115,42.209267,-92.064096,42.907271
C1434,-94.164911,41.863083,-93.698017,42.21004
C4474,-95.388253,42.560309,-94.913828,42.910139
C3238,-93.498617,42.907495,-93.022968,43.499733
C4398,-95.388757,42.909676,-94.913444,43.255613
C1754,-90.898941,41.727691,-90.140061,42.033596
C1978,-94.744876,41.156535,-93.327886,41.863469
C3690,-92.640361,40.590853,-92.178107,41.162663
C4402,-95.38809,43.255054,-94.913723,43.501196
C2022,-91.134439,42.294634,-90.473798,42.675082
C3654,-96.909112,40.78347,-95.154614,41.866308
C3550,-93.348681,41.507824,-92.756508,41.863105
C2184,-92.179992,40.89972,-91.716042,41.163807
C2698,-91.946939,41.161514,-91.365897,41.862035
C3682,-92.871473,41.161048,-92.41007,41.509551
C3226,-93.231972,41.862267,-92.765653,42.21014
C3470,-91.369332,41.333599,-90.783664,41.598373
C4358,-97.017991,42.211261,-95.669141,43.08387
C1118,-93.698767,41.862572,-93.231443,42.209397
C2270,-94.443583,42.209048,-93.93158,42.645192
C1186,-95.570351,39.418786,-94.968973,39.653054
C2446,-99.03343,38.26079,-98.479507,38.696916
C4862,-98.465038,36.998546,-96.522782,38.175081
C1168,-97.153331,36.99871,-96.5247,37.476643
C3826,-95.088518,37.338254,-94.616724,37.674911
C4114,-95.339959,39.53017,-94.203457,40.130096
C2994,-95.5019,38.738265,-95.055848,39.069783
C2570,-99.598323,38.696514,-99.0375,39.133324
C2378,-101.542757,37.7361,-100.225031,38.265202
C1998,-100.227491,37.467041,-99.556119,37.914018
C3684,-95.509014,38.389456,-95.056327,38.738915
C2792,-96.963688,38.869704,-96.500962,39.220156
C4582,-96.501722,38.433544,-95.179827,39.65318
C2814,-95.187963,38.025952,-93.477233,39.789058
C3766,-95.522935,36.999232,-95.073497,37.38436
C2138,-96.357277,38.170939,-95.945661,38.739265
C3270,-97.925256,38.17336,-97.371592,38.610094
C1770,-95.964748,36.999074,-95.517967,37.386668
C4146,-97.931614,38.608923,-97.369839,39.306774
C3174,-96.961693,39.043232,-96.034612,39.566536
C2674,-98.473104,37.732456,-97.698692,38.173918
C3058,-101.068112,36.997922,-100.633,37.387883
C1454,-86.944939,36.628493,-85.949094,37.395123
C2318,-85.170062,37.884348,-84.725168,38.374836
C2398,-86.17641,36.722722,-85.441755,37.182427
C3446,-84.080527,37.818223,-83.433942,38.302707
C3318,-83.957274,36.582596,-83.459459,36.955786
C3046,-84.866003,37.72855,-83.96631,38.492922
C2658,-83.167673,37.84242,-81.696348,38.849073
C1922,-85.039674,37.238328,-84.446719,37.717249
C3466,-88.489117,36.497058,-88.032541,36.7507
C1730,-88.157347,36.312442,-87.113244,37.159346
C3698,-87.499971,37.380452,-86.622316,37.999422
C4646,-89.571203,36.201635,-88.814016,36.650475
C3246,-88.819595,36.501153,-88.484103,36.946872
C2106,-86.490869,37.421996,-85.465952,38.19884
C3158,-87.851803,37.105344,-87.295369,37.569988
C3094,-84.368886,36.587691,-83.566142,37.335892
C4008,-84.525643,37.15174,-84.073764,37.917546
C3250,-83.991605,38.456348,-83.624596,38.768182
C1268,-85.74257,37.522955,-85.150549,37.990654
C4370,-84.907062,36.867133,-84.278585,37.355729
C1582,-85.586992,37.192432,-85.073741,37.482951
C2918,-92.737217,29.358942,-91.089465,30.498138
C1294,-91.823072,30.02556,-90.47368,31.044794
C1976,-93.741679,30.402526,-92.976748,30.88374
C4334,-94.043352,31.844237,-93.146446,33.01962
C2934,-93.929208,29.527103,-92.614565,30.490523
C3502,-91.867422,30.970362,-91.153801,31.762086
C1078,-92.981464,30.891362,-92.07239,31.797374
C3538,-90.963755,28.855127,-88.758388,30.712444
C2638,-91.354272,28.985911,-89.998947,29.922007
C4082,-92.880944,32.452959,-92.415129,32.759982
C1282,-92.085617,32.50571,-91.432668,33.00799
C3506,-93.441689,31.346733,-92.71619,32.148524
C3374,-92.734061,32.25873,-91.90328,33.014436
C3666,-92.493259,30.298817,-91.678896,30.850027
C3402,-91.935286,29.239606,-91.082611,29.956304
C2522,-90.567344,30.234337,-90.160636,31.000439
C2286,-93.578207,30.859183,-92.8238,31.364491
C1422,-90.347316,30.665057,-89.726922,31.004831
C3034,-70.485288,43.90671,-69.993792,44.487217
C3886,-70.989122,42.917126,-69.664745,44.171036
C1230,-70.132741,44.107662,-69.372419,44.720271
C1262,-69.355667,44.644023,-67.93976,46.395782
C1906,-79.271695,39.237624,-78.31332,39.723037
C1258,-77.311562,38.711099,-75.747761,39.721503
C1570,-76.438814,38.05841,-75.701569,38.704185
C1568,-76.874405,37.888468,-76.201477,38.513755
C2066,-76.463946,38.571895,-75.896232,38.945102
C2518,-78.363484,39.264612,-77.46907,39.722877
C1270,-70.758464,41.46411,-69.858861,42.134515
C3834,-73.50821,42.039865,-72.948677,42.745851
C3930,-71.907258,41.095834,-70.752424,42.095539
C4724,-71.051854,41.198742,-70.23433,41.560931
C1446,-71.898773,41.565851,-70.322522,43.572787
C2464,-73.023709,42.303283,-72.224932,42.741135
C4414,-73.075086,41.997685,-72.135004,42.556037
C2609,-87.058716,42.415413,-85.542987,42.768937
C1098,-83.890439,44.855544,-82.408717,45.212778
C2434,-87.107669,42.419722,-84.835305,43.468308
C1302,-84.168127,43.478623,-83.698816,43.997061
C4590,-86.846928,44.510314,-84.847139,45.584433
C3566,-87.207774,41.759487,-86.222817,42.243541
C1774,-85.293645,41.759491,-84.825069,42.072903
C1298,-85.299557,42.070366,-84.709556,42.422188
C4230,-85.240106,45.773944,-83.433558,47.04761
C2962,-85.075585,42.421428,-84.140601,43.118851
C2154,-87.368011,45.32481,-86.459112,46.159159
C2702,-88.6842,45.713063,-87.61514,46.247015
C2242,-83.932071,42.780821,-83.453297,43.223131
C1094,-84.845962,43.117637,-84.367756,43.466288
C2588,-84.826491,41.696118,-84.360416,42.073456
C2634,-89.68073,46.419643,-87.112114,48.306063
C2696,-85.312578,42.769644,-84.836889,43.120213
C3438,-85.088815,43.466006,-84.606011,43.815365
C2710,-84.718632,42.070337,-84.130771,42.424867
C2802,-87.088338,42.06928,-85.293623,42.421522
C1982,-84.158189,42.02793,-82.334073,43.327049
C1030,-84.363297,41.706589,-83.763148,42.08243
C3210,-88.117612,45.985102,-87.112046,47.223269
C3122,-87.093109,43.815556,-86.03788,44.182649
C1366,-85.562913,43.46619,-85.084996,43.815483
C3194,-88.428102,44.764367,-87.127826,45.986014
C3322,-84.608106,43.466006,-84.166931,43.828434
C1562,-85.82145,44.161375,-84.850929,44.512998
C3378,-83.773922,41.723552,-83.11246,42.094286
C3474,-87.147166,43.117297,-85.790448,43.473689
C4098,-84.369977,43.128452,-83.695205,43.568899
C4478,-85.791837,41.758946,-85.292058,42.071561
C3702,-84.367891,42.775778,-83.922516,43.132782
C1146,-84.134079,42.071577,-83.539396,42.435166
C3346,-94.629489,44.195836,-92.134785,46.24715
C1342,-95.602865,47.409613,-94.414272,48.540437
C4106,-95.139856,45.282298,-93.759435,45.824252
C3186,-94.786706,43.847779,-93.767735,44.456946
C3558,-95.108777,44.107725,-94.368811,44.498218
C2026,-93.098021,46.156926,-91.549349,48.63154
C1466,-94.787126,46.155917,-93.773842,47.480744
C2202,-97.706174,46.628654,-96.172405,47.239977
C4034,-93.045966,43.50044,-91.730192,44.455321
C1082,-95.769862,45.758732,-95.138632,46.108183
C1066,-93.648563,43.499361,-93.049091,43.848463
C3986,-93.041195,44.194909,-92.24201,44.714345
C2910,-91.730747,43.500437,-90.910054,44.090584
C4882,-95.255375,44.89125,-94.756902,45.412993
C3214,-96.09347,44.19497,-95.593274,44.630794
C2678,-94.502395,44.629877,-94.00965,44.979784
C1238,-93.049603,43.499701,-92.44893,43.848769
C4938,-96.05384,43.499856,-95.45203,43.849123
C2226,-96.28128,46.106761,-95.145669,46.718163
C2422,-97.903651,47.498625,-95.553289,48.194996
C2206,-93.525284,44.196051,-93.039481,44.544071
C3694,-93.406784,43.84812,-93.045336,44.196716
C4742,-97.2807,45.935196,-96.264647,46.631717
C4910,-92.079498,43.846825,-91.284138,44.193153
C1842,-88.823541,34.755573,-88.363531,34.996099
C3262,-91.095398,30.998909,-90.259555,31.350274
C1738,-91.234608,33.529269,-90.656909,34.120777
C2490,-90.453801,33.214207,-89.64528,33.81139
C4698,-91.248144,31.785422,-90.553821,32.618885
C3294,-88.915679,31.826649,-88.347887,32.929091
C1726,-90.961044,33.985689,-90.397526,34.523999
C2714,-90.759753,31.685147,-89.653025,33.022385
C2562,-89.6544,30.909832,-88.834339,31.434444
C2498,-90.137011,33.676182,-89.506872,33.898133
C2506,-89.690589,30.139845,-88.384431,30.736048
C4618,-89.246534,34.073926,-88.156292,34.509462
C2986,-89.40134,31.433458,-88.910429,32.224381
C3706,-89.722246,34.161022,-89.245485,34.55538
C1502,-90.737435,31.349187,-90.242617,31.717524
C1806,-88.67125,33.286916,-88.248916,33.745832
C4426,-89.088662,33.286003,-88.669007,33.565443
C3810,-89.85231,30.458892,-89.340701,31.016048
C2694,-90.764484,33.270007,-90.450272,33.987596
C2474,-91.235907,33.007697,-90.678655,33.53054
C2886,-92.856372,40.036894,-92.345064,40.597275
C3302,-92.314471,39.059057,-91.409033,39.347795
C1786,-92.570156,38.643167,-92.104374,39.248795
C3874,-90.679729,36.497798,-90.134327,36.927138
C2762,-92.84198,38.28814,-91.633998,39.064493
C4418,-93.632439,36.809178,-92.67897,37.904232
C2838,-90.3779,35.995685,-89.953627,36.631212
C4846,-92.120393,36.498358,-91.655607,37.056248
C2790,-94.618668,36.747818,-94.052313,37.364173
C4766,-94.129372,38.55621,-93.49311,38.937909
C3006,-92.859913,37.472944,-92.248865,37.895736
C2530,-91.846752,39.318716,-91.178012,39.948235
C3234,-95.2024,40.126127,-94.598487,40.578488
C4274,-93.51276,38.506321,-93.050453,38.942839
C4062,-92.029359,37.598863,-91.524989,38.153519
C2278,-92.413669,37.602542,-92.021112,38.021179
C3362,-92.707367,39.24645,-92.300849,39.610371
C2210,-90.647874,37.641039,-90.110537,38.076548
C3218,-93.496377,38.928244,-92.848825,39.411805
C4346,-89.78688,36.859517,-89.313324,37.253381
C1470,-93.612929,36.497839,-92.764869,36.99581
C1374,-109.798673,44.99944,-107.462651,46.751408
C2450,-112.047781,46.818026,-110.63626,47.698738
C2806,-115.020131,47.595505,-112.878533,49.001109
C1458,-111.80538,44.476798,-110.783833,46.192879
C2574,-113.16589,45.747368,-111.494642,47.953918
C3354,-114.797204,46.631578,-113.302758,47.600281
C1558,-113.085517,45.624854,-112.189986,46.185252
C2558,-98.724413,40.350064,-98.277839,40.698967
C4242,-104.053152,41.39293,-103.361526,43.001707
C2826,-99.426795,40.350303,-98.721366,41.047122
C3042,-100.224555,40.351012,-99.416414,41.047489
C2334,-96.906043,41.393131,-96.328551,41.742763
C1310,-96.916948,40.000841,-96.463268,40.523828
C2426,-98.749167,40.698276,-97.598185,41.395153
C3070,-97.368445,40.523013,-96.463618,41.046947
C3582,-101.407268,40.697802,-100.223311,41.743586
C3574,-97.835015,41.742234,-97.01933,42.438782
C1810,-97.831215,41.333119,-97.252415,41.743212
C2198,-119.226139,39.073345,-117.46134,40.002614
C2982,-115.896925,35.001857,-114.042819,36.853662
C2382,-120.003429,38.535961,-119.310443,39.114009
C2122,-117.019525,39.161228,-114.039461,42.001842
C4908,-119.33142,40.526136,-117.017588,42.000439
C2228,-119.712287,38.413753,-118.755059,39.737129
C3722,-118.196274,35.963707,-115.000845,39.16343
C3990,-120.006473,39.165509,-119.170544,41.997477
C1618,-120.004297,39.084796,-119.548308,39.251046
C2906,-71.731707,43.284994,-71.159364,43.760979
C2830,-72.557124,42.712102,-71.928993,43.181968
C1362,-71.974825,44.085752,-71.009976,45.305778
C1720,-72.980246,43.128807,-71.346656,44.406351
C3170,-72.062222,42.697042,-71.245481,43.207099
C1818,-72.090146,43.009309,-71.236011,43.6112
C1210,-74.985271,39.288558,-74.232062,39.729775
C3562,-75.359184,39.475198,-71.777491,42.080906
C3614,-75.168462,38.788657,-74.46493,39.324375
C4722,-75.444751,39.056179,-74.851794,39.568746
C4594,-74.942909,40.136771,-74.481095,40.424156
C1090,-75.997636,40.418451,-74.769425,41.13398
C1074,-107.626511,34.259772,-105.290125,36.219896
C4074,-105.35401,32.51877,-103.509759,34.088751
C2438,-109.046136,34.57782,-107.066562,35.348314
C1758,-103.740066,34.302648,-103.042661,34.954194
C2974,-107.299673,31.78364,-106.340515,33.052777
C1610,-104.851739,31.997486,-103.72281,32.965429
C4350,-109.047843,31.863614,-107.608485,33.209346
C2602,-103.814573,32.000206,-103.052621,33.570589
C3106,-106.418855,35.754274,-106.171852,35.973389
C1970,-108.229956,31.78364,-107.296413,32.605471
C2370,-109.046954,34.959081,-107.306122,36.002839
C1046,-106.377492,32.000191,-104.847637,33.390719
C2158,-107.626537,35.930636,-105.5301,37.000233
C3878,-103.949228,33.570117,-103.043651,34.605068
C2214,-109.046218,36.000288,-107.420915,37.000226
C2978,-105.722205,35.041605,-103.637026,35.871194
C4214,-106.250499,35.040003,-105.714419,36.00232
C4534,-106.058364,36.013014,-105.200117,36.99592
C1058,-74.71158,42.355017,-73.264827,43.398045
C1378,-76.563589,41.997856,-75.359645,42.415702
C3646,-79.061259,41.997705,-78.308081,42.543306
C1218,-76.753538,42.618608,-76.265584,43.708121
C2746,-79.76259,41.998364,-79.059079,42.686805
C2130,-76.966109,42.000064,-76.535782,42.294423
C3846,-74.027389,44.429699,-73.333152,45.010713
C2646,-73.929626,41.97798,-73.352429,42.510017
C1866,-76.274673,42.407568,-75.86402,42.790964
C1538,-79.312136,42.437997,-78.460416,43.634799
C3166,-74.726228,44.09925,-73.909687,45.006286
C2410,-74.774253,42.982817,-74.097467,43.289003
C1286,-78.465505,42.862754,-77.904121,43.133561
C4654,-75.886756,42.824943,-74.695985,44.095939
C4806,-76.734725,43.668143,-75.446277,44.403263
C4038,-78.468711,42.459186,-76.702324,43.684275
C4506,-76.644712,42.723844,-75.239541,43.707018
C1122,-74.763303,42.772979,-74.083883,43.047423
C3658,-75.416932,42.313949,-74.630631,42.908363
C3630,-75.860046,44.0504,-74.525683,45.015865
C4290,-76.981334,42.541537,-76.585989,43.024058
C1850,-77.749936,41.998663,-76.965028,42.580413
C2706,-76.696655,42.262976,-76.237695,42.627419
C2874,-74.780693,41.58061,-73.910675,42.176992
C2402,-74.214625,42.941222,-73.241391,43.808481
C1550,-79.542428,35.843303,-79.236598,36.249673
C2586,-81.986939,35.54702,-80.92518,36.122619
C4782,-77.195772,35.216059,-76.467761,35.739473
C3482,-79.33911,33.569108,-77.897011,34.371814
C1170,-83.25743,35.144188,-82.169049,36.065917
C1674,-81.537599,34.457776,-80.182866,36.05881
C2102,-76.590107,36.019036,-75.887033,36.550658
C3398,-77.167769,34.531736,-76.006557,35.201453
C2050,-79.555804,35.515039,-78.699316,36.54219
C4314,-81.768102,35.163467,-81.321729,35.584576
C3510,-77.731026,34.780323,-76.304136,35.418362
C2218,-79.458751,34.833717,-78.494678,35.266914
C4726,-76.950662,36.028834,-75.709078,37.603174
C2862,-76.405971,35.140565,-75.400119,36.244984
C4918,-80.881591,35.504141,-80.027339,36.550665
C4058,-78.257164,35.674935,-77.342418,36.202633
C3958,-78.995048,35.254663,-78.006551,36.266191
C3708,-78.807623,36.021826,-78.453391,36.542541
C2466,-80.066842,35.505661,-79.513638,36.542696
C4026,-78.006551,36.003598,-77.066194,36.54728
C2038,-79.223021,35.192012,-78.529851,35.583682
C1900,-83.363766,35.001354,-82.919178,35.526049
C4182,-79.359912,35.307161,-78.96964,35.628323
C2882,-77.834249,35.008138,-77.390794,35.426787
C3200,-82.295028,35.518002,-81.824122,35.96005
C3824,-79.767957,35.043028,-79.095808,35.518002
C4890,-78.272606,33.7868,-77.484538,34.73263
C2734,-77.680127,34.399705,-77.096073,34.98446
C2478,-77.700692,35.327394,-77.084641,35.833062
C4046,-80.075676,34.805155,-79.458751,35.183855
C3130,-79.461506,34.299342,-78.805431,34.952715
C2258,-82.280563,35.180611,-81.691825,35.613588
C2990,-79.692944,34.630379,-79.330825,35.043756
C1062,-80.506171,35.143081,-80.051225,35.504151
C3434,-80.973643,36.236305,-80.44034,36.562349
C1482,-83.056934,35.027394,-82.574839,35.422967
C2578,-78.511224,36.163637,-78.277165,36.543822
C1438,-81.918119,36.111459,-81.455792,36.391309
C2414,-78.30658,35.146315,-77.799859,35.597806
C3590,-81.545488,35.994829,-80.868746,36.440773
C4898,-78.192117,35.583436,-77.665131,35.867208
C1390,-102.097205,45.943449,-100.075229,47.327696
C3350,-102.234055,47.847336,-100.197558,48.999449
C1986,-103.231656,46.629679,-102.095904,47.010436
C2742,-99.481394,46.628826,-98.438835,47.327198
C4878,-104.047994,47.95595,-102.827964,48.633916
C3062,-84.39738,40.643069,-83.879828,40.920429
C1174,-82.436916,40.555001,-82.12501,41.066007
C1178,-81.009827,41.499327,-80.519158,42.327132
C1190,-82.298476,39.18056,-81.721808,39.556574
C4754,-84.456227,40.354534,-83.880039,40.68608
C4854,-81.237316,39.720812,-80.518891,40.186116
C1594,-81.650045,40.4247,-80.860822,40.988717
C4650,-84.036069,40.010188,-83.494498,40.273459
C4422,-84.053736,39.768778,-83.509933,40.04019
C4894,-84.007454,39.222845,-83.576286,39.569402
C4140,-81.087391,40.58248,-80.518899,40.9302
C1874,-82.195911,40.150976,-81.61603,40.456382
C1534,-83.112745,40.70255,-82.724184,40.996943
C1746,-82.348183,40.988196,-81.002116,42.251602
C2482,-84.81244,39.916481,-84.425902,40.354259
C1958,-84.804063,41.16543,-84.22735,41.427818
C1814,-83.653386,39.361566,-82.024219,40.71273
C4178,-82.952936,41.283874,-82.342337,41.700057
C4792,-83.670196,39.377354,-83.252435,39.716883
C4578,-84.399551,41.165751,-82.995572,41.95941
C3858,-82.582683,38.474547,-81.772843,39.035079
C1938,-84.485653,39.550254,-83.64661,40.200004
C1574,-81.728611,39.839104,-81.225924,40.222468
C2230,-83.881156,40.818134,-83.420319,41.168537
C3594,-82.841475,40.992909,-82.336496,41.290023
C2716,-82.80709,38.844478,-82.424677,39.207967
C4826,-80.941911,40.155111,-80.517689,40.638801
C3454,-82.750747,40.239071,-82.17854,40.573102
C1334,-84.014763,40.22937,-83.519727,40.538694
C4966,-81.086726,40.899773,-79.999204,41.501687
C3202,-83.420284,40.433795,-82.858302,40.705019
C1638,-84.804235,40.351721,-84.431632,40.728306
C4978,-82.233974,39.755572,-81.691104,40.16688
C3884,-83.415941,41.457166,-82.616147,41.828969
C1042,-81.688491,40.906502,-81.001695,41.351168
C3190,-82.727164,40.549879,-82.336895,40.995638
C1706,-83.394005,39.167768,-82.740615,39.516249
C2338,-83.419843,41.252955,-82.840087,41.501189
C3902,-83.270817,38.570818,-82.650039,39.015791
C4566,-83.421299,40.991889,-82.829512,41.256903
C4338,-84.434631,40.183945,-84.001937,40.483242
C3542,-81.712288,40.214253,-81.264744,40.66692
C4678,-84.803257,40.684755,-84.340101,40.990315
C3193,-81.853668,39.215905,-81.036791,39.645976
C4930,-82.129334,40.666826,-81.647564,40.991807
C2112,-100.00042,35.029889,-99.360149,35.508967
C2046,-96.63002,33.686216,-95.751264,34.157425
C3642,-98.313473,34.681163,-96.619348,36.164777
C1162,-97.562719,34.070768,-96.933226,34.507064
C4514,-95.283146,35.638343,-94.797282,36.161764
C3002,-98.826323,34.06227,-98.088978,34.855595
C4614,-97.064489,35.376656,-95.207918,36.999414
C4822,-99.377068,35.464225,-98.623241,35.812712
C2142,-98.104575,36.164462,-97.460505,36.593664
C1106,-99.844585,34.337762,-99.037094,34.859556
C3862,-97.462495,36.593627,-96.749838,36.999255
C3478,-95.766265,35.261636,-95.049933,35.856705
C3306,-95.037735,36.667472,-94.617946,36.999528
C4466,-97.354132,35.940687,-96.619655,36.246541
C3254,-96.092374,34.593528,-95.349297,35.301006
C1022,-96.93258,34.505389,-96.406048,34.965213
C4306,-97.142349,34.898809,-96.623699,35.464145
C2034,-98.142148,34.289069,-97.562297,34.681823
C2510,-102.032354,36.499118,-100.945372,36.998423
C1278,-96.001199,36.423466,-95.78663,36.99946
C4926,-99.605692,36.161577,-98.955836,36.819566
C1870,-123.816833,44.276694,-123.073132,44.72127
C3890,-123.785567,44.885714,-121.51438,46.388629
C1182,-124.159546,45.77308,-123.358826,46.299099
C1830,-124.552373,42.666684,-123.702071,43.611464
C3926,-121.108537,43.697376,-119.654993,44.564036
C1506,-124.703541,41.99558,-123.716492,42.955259
C1346,-122.002362,43.611104,-119.896581,44.393481
C4070,-124.290236,42.699297,-121.974199,43.944837
C2622,-121.922085,45.257377,-121.440485,45.726504
C3278,-123.231327,42.003084,-122.282682,42.996795
C2442,-124.041983,41.995094,-123.229167,42.784061
C2890,-122.289972,41.992988,-120.879805,43.616707
C2166,-124.230178,43.437395,-121.768016,44.290537
C3544,-124.187674,44.275094,-123.595902,45.045782
C1054,-123.260836,44.199915,-121.793895,44.794447
C4142,-123.725771,44.683352,-121.733268,45.285208
C2584,-120.006555,44.994534,-117.972948,46.001157
C2926,-118.697766,44.956326,-117.266005,45.861083
C4552,-121.80572,44.821535,-120.371441,45.704839
C2390,-77.471085,39.719816,-76.954932,40.069945
C3830,-80.51928,39.720678,-78.973814,41.173134
C3974,-76.440181,40.137107,-75.529694,40.67727
C1102,-78.620383,40.242107,-78.116521,40.743017
C4238,-76.927059,41.541278,-76.115172,42.002018
C2778,-79.056347,40.242524,-78.348668,40.725919
C4430,-78.376993,40.691557,-77.143804,41.252752
C2018,-78.806598,40.723066,-78.038203,41.253778
C3082,-78.093381,40.962938,-77.143712,41.478576
C1410,-76.794246,40.775445,-76.207827,41.310198
C3274,-80.519437,41.480396,-79.612071,41.851524
C2542,-77.671761,39.944077,-76.535414,40.659595
C2150,-80.519851,41.849039,-79.610648,42.516072
C1654,-78.099403,39.71987,-77.454109,40.289885
C2650,-78.257305,40.061419,-77.676611,40.743681
C2686,-79.4599,40.368717,-78.79899,40.911346
C4254,-76.319957,40.902313,-75.440389,41.651825
C2954,-76.72162,39.721131,-75.873375,40.315971
C3526,-80.519311,40.851338,-80.098294,41.128165
C3014,-76.67804,40.195549,-76.151215,40.555157
C4870,-77.599474,41.068708,-76.447597,41.596919
C1462,-78.956138,41.601874,-78.20364,41.999976
C3038,-77.913929,40.360542,-77.287941,40.846937
C2070,-75.649412,40.814746,-74.966759,41.252101
C4498,-76.949148,40.603466,-76.380334,41.175732
C3906,-76.701624,40.495434,-75.757807,40.94974
C4278,-77.356628,40.635711,-76.798714,40.889621
C4374,-79.417558,39.721578,-78.658305,40.285439
C3026,-77.36418,40.807334,-76.799277,41.148801
C3634,-79.999845,41.171654,-79.477822,41.624559
C4762,-79.613147,41.623334,-78.9155,41.99967
C4962,-77.137425,39.719799,-76.23869,40.226328
C2494,-82.742075,33.95321,-81.868346,34.484335
C2486,-82.992232,34.203148,-81.64354,35.215485
C2594,-81.28127,31.995954,-80.305711,32.753058
C1670,-80.791968,32.482565,-79.26183,33.507172
C1790,-82.010272,33.466006,-80.283965,34.614765
C2350,-81.874689,34.83928,-81.3666,35.184036
C2250,-80.288787,33.775357,-79.31378,34.53522
C2386,-79.680904,33.049793,-78.926075,33.779878
C1350,-79.934621,34.297994,-79.450024,34.806754
C3514,-81.945019,34.070839,-81.316911,34.533652
C4286,-83.353928,34.472204,-82.82288,35.056182
C3670,-81.373494,33.176907,-80.221479,33.707131
C4390,-82.226537,34.445027,-81.415894,35.196222
C4494,-80.646714,33.643911,-79.893377,34.168696
C2670,-98.705762,44.194607,-97.853028,44.634159
C1510,-97.129671,44.195426,-96.451466,44.543883
C1010,-99.709044,45.240355,-97.978632,45.938731
C4682,-97.160752,42.704154,-96.805423,43.083735
C4798,-97.494663,44.803342,-96.881966,45.151904
C3966,-104.055487,43.476844,-101.999981,45.039658
C3358,-98.326089,43.497873,-97.606479,43.851461
C3818,-101.167048,44.097895,-99.598767,44.898295
C4394,-104.055971,44.140575,-103.452436,44.6048
C4362,-97.609096,43.083124,-96.436472,43.849507
C4946,-97.637496,42.799701,-97.160202,43.169978
C2894,-84.914156,35.460543,-83.255292,36.592049
C4318,-86.665555,35.318817,-86.234529,35.702833
C1742,-85.026737,34.987569,-84.292365,35.357871
C3498,-87.74375,35.408175,-85.778634,36.652443
C2774,-82.702566,35.953871,-81.933065,36.510614
C2718,-89.36162,35.247339,-88.351765,36.000213
C3546,-83.316827,35.712982,-82.896081,36.182395
C4610,-86.539485,34.988253,-85.863245,35.706429
C1890,-85.273288,35.746285,-84.680633,36.170586
C2054,-89.733056,35.880934,-89.154464,36.212794
C2462,-83.172685,35.921807,-82.5772,36.418782
C3410,-83.71029,35.895846,-83.081726,36.345292
C2870,-83.288896,36.241923,-81.60538,36.929039
C3754,-88.530322,36.12029,-87.99092,36.501583
C1826,-85.846483,35.978492,-85.082497,36.540265
C2998,-87.611925,34.999377,-87.197359,35.457857
C1194,-84.860164,35.241043,-84.400623,35.644675
C3028,-86.960804,35.252878,-86.599478,35.710864
C1942,-85.146393,35.409101,-84.711472,35.825151
C4294,-83.794275,35.561929,-83.251521,36.043119
C3266,-85.997732,35.504573,-85.557535,35.852162
C3228,-88.959839,36.061817,-88.516302,36.502729
C3730,-96.06486,31.504056,-95.258791,32.084482
C1138,-103.064788,32.085795,-102.210843,32.523371
C3126,-95.005566,31.026088,-94.129632,31.526916
C1858,-97.942146,27.558358,-96.790437,28.319238
C4866,-98.953938,33.39542,-97.94573,34.212497
C1110,-103.042521,34.747416,-101.085886,35.627515
C4170,-99.603323,28.612658,-97.630985,30.138954
C2642,-96.62198,28.764837,-94.353383,30.630284
C1242,-98.2976,29.630718,-97.024461,30.904414
C1330,-98.089764,28.129683,-97.375579,28.719648
C2866,-98.569645,30.752363,-97.070057,31.711019
C1778,-96.96363,30.295549,-96.079969,31.357129
C1522,-99.203601,31.448186,-98.668441,32.079597
C3892,-96.930367,28.022835,-96.322731,28.730278
C1018,-99.631561,32.079123,-99.114049,32.960251
C1518,-97.862294,25.837164,-97.08934,26.412715
C2738,-95.462242,31.42571,-94.865857,32.138053
C1910,-98.068545,32.052087,-95.858645,33.434057
C2362,-97.487065,33.41641,-96.943339,33.956395
C3118,-102.085768,32.959702,-101.038772,33.833625
C2950,-102.20852,32.52327,-101.688738,32.961954
C2582,-103.042982,34.746024,-102.167444,35.18725
C3622,-102.799086,31.651085,-102.286971,32.08721
C2134,-106.645646,30.629258,-104.907122,32.00265
C4450,-98.551158,31.917511,-97.864864,32.513039
C4738,-97.60523,30.986031,-96.596862,31.863079
C2324,-99.304015,30.134298,-98.587777,30.499887
C1370,-101.776085,31.650854,-101.174534,32.525228
C4702,-97.77853,28.388684,-96.642323,29.104046
C3742,-101.086438,35.18214,-100.538144,35.620485
C4330,-96.945126,33.397826,-96.379452,33.959579
C3098,-95.15341,31.843718,-94.452391,32.904502
C3838,-102.090415,33.824675,-101.56358,34.313132
C1314,-94.732732,29.506328,-93.508039,31.186627
C3222,-94.702201,32.326583,-94.042817,32.793088
C1198,-96.454573,32.005895,-95.428127,32.358925
C3258,-98.586715,26.036338,-97.861684,26.783081
C3022,-102.615447,33.388327,-102.075929,33.825121
C4486,-95.863332,32.960434,-95.30763,33.37719
C1442,-101.623466,35.624057,-101.085728,36.055405
C4166,-101.274799,31.079379,-100.111234,31.705418
C1086,-98.235497,27.260981,-97.788988,28.057966
C2878,-98.0598,26.597884,-97.165097,27.635982
C2850,-99.757621,29.781398,-98.917725,30.290698
C3758,-95.857738,33.377653,-95.308072,33.943057
C3326,-102.287528,31.651276,-101.688656,32.525325
C1306,-96.395198,28.279736,-95.49565,29.229702
C2058,-100.667548,28.196837,-100.111406,29.086318
C2030,-102.163058,35.619923,-101.6226,36.055627
C3486,-94.97816,31.222776,-94.300038,31.845555
C1862,-96.896209,31.796191,-96.050758,32.328929
C4502,-100.665353,32.08133,-100.146543,32.525354
C3342,-98.57626,32.511626,-98.056094,33.007913
C3778,-104.102351,30.76647,-103.010403,32.000134
C4366,-101.174726,32.525188,-100.65587,32.970225
C4634,-95.594541,32.135399,-94.985265,32.687026
C4010,-99.171835,26.235246,-98.32067,26.785694
C3442,-95.12613,32.982453,-94.808783,33.39848
C2666,-95.863082,30.504369,-94.842947,31.38693
C4662,-100.112309,29.086318,-99.411725,29.627691
C1962,-101.760924,29.237579,-100.699141,30.288527
C1478,-96.794552,30.044283,-96.080839,30.39989
C2970,-100.212189,27.259562,-98.798087,28.204627
C2090,-96.640315,28.963291,-95.841948,29.633806
C4690,-99.47565,33.833799,-98.952296,34.458802
C3970,-98.004189,26.299269,-97.167255,26.611769
C4982,-99.453794,26.571682,-98.954176,27.319174
C3626,-114.042029,40.769093,-111.22143,42.001515
C3922,-111.247506,39.467455,-109.873899,39.814138
C1626,-114.05235,37.474298,-112.466936,38.148864
C3934,-114.047855,39.314483,-110.857647,40.577914
C4162,-114.047026,39.903655,-111.553188,41.076888
C4492,-111.649129,40.548352,-110.000697,41.251627
C4686,-110.04823,39.461766,-109.047767,40.858401
C2572,-111.620968,39.899145,-110.891649,40.690949
C4110,-114.052885,36.999975,-112.899066,37.618289
C1354,-73.290944,42.73929,-72.819619,43.314499
C1554,-73.390231,44.161412,-72.53328,45.016658
C4086,-73.431229,43.290551,-72.699795,43.85806
C1274,-72.952204,44.01281,-72.217078,44.506098
C1682,-79.172135,37.329553,-78.062481,38.475527
C4006,-78.240748,36.707658,-76.741984,38.252742
C3134,-79.858405,37.005839,-78.594352,37.814152
C4442,-79.533311,37.881587,-78.749396,38.477677
C4022,-80.472782,36.780752,-79.498699,37.800973
C1372,-82.878554,36.798959,-82.136012,37.306316
C1398,-81.014489,36.708718,-80.104413,37.481672
C4902,-78.979898,39.007994,-78.033191,39.539695
C3230,-80.095141,36.541964,-79.640652,36.856139
C1926,-79.714849,36.540852,-79.092264,37.137454
C2550,-79.224583,38.206648,-78.48574,38.850102
C1414,-81.901868,36.932934,-80.849451,37.597916
C3683,-119.369507,46.73539,-117.959335,47.261718
C2842,-119.876725,45.836198,-118.198228,46.739105
C4830,-121.180802,47.220133,-118.950592,48.550836
C3882,-124.848974,47.866673,-122.896971,48.499784
C4746,-119.041498,45.99895,-117.603296,46.624777
C3102,-123.218313,45.850536,-122.239481,46.388045
C3418,-120.042866,46.625464,-118.972823,47.962183
C1014,-124.429553,46.790916,-123.158364,47.533898
C3602,-122.863078,47.828098,-122.328463,48.417855
C4266,-122.852918,46.728406,-120.907399,48.29899
C1474,-123.038404,47.403091,-122.427023,47.972953
C2126,-121.465979,46.736151,-119.925605,47.597939
C1650,-123.372706,46.383458,-121.353179,46.794427
C4322,-123.50608,47.082259,-122.8005,47.607508
C4406,-118.402407,47.259272,-117.032107,49.000737
C3458,-122.764404,48.295945,-120.686097,48.657003
C3650,-123.203101,46.762038,-122.203106,47.19422
C1338,-123.32224,48.625687,-120.655857,49.002439
C3942,-118.249389,46.416779,-117.039405,47.260659
C4942,-121.52307,46.040169,-119.86554,47.08875
C1662,-81.980348,37.76331,-80.817424,38.667839
C1722,-80.91384,39.090278,-79.894688,39.469599
C1322,-81.571534,37.507851,-80.748757,38.263514
C3088,-82.19727,37.640607,-81.607532,38.025801
C2190,-80.498163,39.386215,-79.938878,39.642306
C3406,-80.42224,39.194906,-79.476561,39.72143
C2118,-80.280059,38.388457,-79.349366,39.118303
C3762,-81.756384,38.895633,-81.162455,39.410374
C2458,-88.680066,44.24038,-86.778398,45.378931
C1154,-88.73977,43.891511,-88.041696,44.590644
C2074,-91.666419,44.595854,-90.921492,45.292221
C3154,-90.430042,42.500078,-89.004477,43.64367
C1318,-89.009569,43.194697,-88.400388,43.633542
C3286,-92.157072,44.683612,-91.649619,45.209572
C2254,-88.886052,43.542844,-88.159892,43.9382
C3842,-91.156893,42.507173,-90.425781,43.211574
C4802,-89.013584,42.842376,-88.535843,43.198213
C3298,-90.046531,45.119098,-89.424227,45.555915
C3182,-88.04378,43.891585,-86.923403,44.328825
C4814,-90.316982,44.681235,-89.223328,45.120608
C4302,-89.22437,44.584746,-88.242664,45.11807
C3334,-88.542277,42.841915,-87.069419,43.543532
C4462,-89.845293,44.243393,-89.223035,44.685869
C3954,-88.30806,42.610817,-87.043899,42.843609
C2750,-89.369227,42.491913,-88.776299,42.84763
C1266,-90.312444,43.145291,-89.599338,43.642234
C4310,-88.162274,43.541433,-87.075335,43.895155
C4858,-88.778877,42.491913,-88.304692,42.842996
C3678,-88.886758,43.892977,-88.403195,44.244386
C4922,-90.318032,44.247678,-89.724438,44.685446
C2966,-106.323343,40.996822,-105.271433,42.433236
C2394,-106.02524,43.4948,-105.074791,45.000446
C4018,-110.053637,42.261356,-107.501425,44.009157
C1694,-105.280675,40.998048,-104.052245,41.656655
C1622,-107.543526,42.430488,-106.070569,43.501897
C4326,-107.911523,44.556713,-106.009676,45.001426
C4054,-110.054409,40.997294,-107.50382,42.270744
C2174,-111.046819,40.994772,-110.048,41.579845
C1026,-66.837235,18.111929,-66.664697,18.250344
C1038,-67.323412,18.150682,-66.566556,18.568002
C4198,-66.611124,17.937895,-65.422706,18.543761
C1164,-66.968564,18.315205,-66.578441,18.544146
C2502,-66.225359,17.877036,-65.873299,18.109878
C4190,-67.267494,17.881441,-66.884653,18.196153
C1762,-66.44456,18.015455,-66.257527,18.176736
C3866,-66.999621,17.831509,-66.418716,18.178854
C3242,-67.998751,17.999432,-67.017388,18.438615
C2758,-66.65455,18.149659,-66.531023,18.300412
C1764,-66.342607,17.862241,-66.166145,18.095925
C4218,-66.455471,17.869217,-66.32322,18.042627
